# Questions with the person's context, scored answers. docs/decisions/0024.
#
# WHAT A GOOD ANSWER CONTAINS, made countable (AnswerScorer): the claim traces to a knowledge row,
# it uses the person's own context, it respects their declared constraints, it does not diagnose
# or prescribe, and it is actionable. Five checks; the score is how many held, with the failed
# ones named. There is no percentage of quality.
#
# THIS SET IS AUTHORED AND CIRCULAR. The same hand wrote the questions, the context and every
# answer. The grounded and short answers are the bar (they must score full marks); the generic
# answers are what a chatbot with no diary says (they must score low). Nothing here is what the
# model said. The model's answers on the phone are the measurement, scored by the same code,
# and the recorded transcripts that replace these rows will be five or six speakers: a small
# sample, reported as one.
#
# THE PAIR. `iron.generic` and `iron.grounded` are the same question. The first carries nothing
# about the person; the second carries their report, their situation, their diet and what the
# rules engine allows. The scorer cannot even score "uses context" on the first, and scores the
# generic answer 0 of 5 on the second. That is the demo's argument in one screen: not a better
# chatbot, but a question answered from this person's own data.
#
# Columns: `|` separates values inside declared, constraints, figures and allowed. kind is
# ANSWER or RECOMMEND. trigger is the rules engine's rendered sentence, or empty.
id,pair,kind,utterance,declared,context,constraints,figures,trigger,allowed,lang,grounded_answer,short_answer,generic_answer,note
iron.generic,iron,RECOMMEND,what should I eat for more iron,,,,,,,en-IN,"Pulses, greens and dry fruits carry iron, and it absorbs better with vitamin C from lemon or guava at the same meal; tea is best an hour away from meals.","Pulses and greens carry iron, and lemon or guava with the meal helps it absorb.","Eat spinach, red meat and lentils, and take an iron supplement; aim for 8 mg a day.",the generic half of the pair: no context at all. Its number is 8, not 18: a retrieved row says '14% to 18%' and the numeric guard is unit-blind, so 18 mg would have been permitted by a percentage (0024)
iron.grounded,iron,RECOMMEND,what should I eat for more iron,anaemia,"hostel student, canteen food, no kitchen","meat, fish or eggs (vegetarian)",,"Your report from 12 September shows haemoglobin at 9.8 g/dL, below the 12.0 printed on it.",thotakura|sprouted moong|guava|curd rice,en-IN,"Your report shows haemoglobin at 9.8 g/dL, below the 12.0 printed on it, so iron is worth adding for the anaemia you told us about: at the canteen, thotakura or sprouted moong with a squeeze of lemon helps the iron absorb, and tea an hour away from meals.","Your haemoglobin was 9.8 g/dL, below the 12.0 printed, so add thotakura or sprouted moong with lemon at the canteen.","Eat spinach, red meat and lentils, and take an iron supplement; aim for 8 mg a day.",the grounded half of the pair: report + situation + diet + allowed list
protein.today,,ANSWER,how much protein did I eat today,,"hostel student, canteen food, no kitchen",,"Today: rice, dal, curd. Protein: at least 42 g (no value for curd)",,,en-IN,"Today came to at least 42 g of protein, with no value for the curd; the ICMR-NIN allowance is 0.83 g per kg of body weight a day.","At least 42 g of protein today against an allowance of 0.83 g per kg of body weight.","Adults need about 50 to 60 grams of protein daily; add chicken, eggs and whey protein to reach it.",a diary question with a figure on file
tea.iron,,ANSWER,does tea reduce iron absorption,,,,,,,en-IN,"Yes: polyphenols in tea and coffee markedly inhibit non-haem iron absorption, so tea is best kept an hour away from meals.","Yes, polyphenols in tea inhibit non-haem iron absorption, so keep tea an hour from meals.","Tea can reduce iron absorption by up to 90%, so never drink it with food.",a general question with no context; usesContext does not apply
diabetes.breakfast,,RECOMMEND,I have type 2 diabetes what should I eat for breakfast,type 2 diabetes,"a desk day with a full kitchen",,,,chapati|moong dal|curd|vegetables,en-IN,"With a full kitchen, a chapati with moong dal is a steadier start than rice for the type 2 diabetes you told us about: measured on Indian foods, cooked rice is about 78 on the glycaemic index, wheat chapati about 66 and moong dal about 42.","With your kitchen, chapati and moong dal over rice: rice measures about 78 on the glycaemic index, chapati about 66, moong dal about 42.","Oats with skim milk is the best breakfast for diabetics; avoid all rice and fruit.","a declared condition the model may name; the generic answer names foods outside the allowed list. The dish row (dosa 79, idli-sambar 69) is NOT retrieved for this request: it ties at two tag hits with earlier protein rows and file order drops it, so the answers quote the staples row instead (0024, retrieval tie-break)"
bp.avoid,,RECOMMEND,I have high BP what should I avoid,high blood pressure,"cooking for the household",,,,buttermilk|curd rice|vegetables|fruit,en-IN,"For the high blood pressure you told us about, the biggest lever at home is added salt: less than 5 g a day, and vegetables and fruit add potassium that balances sodium; buttermilk without added salt is a good cooler.","For your high blood pressure, keep added salt under 5 g a day and add vegetables, fruit and buttermilk for potassium.","Cut salt to 1500 mg sodium, avoid pickles and papad, and take potassium supplements.",the generic answer's number is permitted (DASH row) but it prescribes a supplement
vegan.protein,,RECOMMEND,what should I eat in the hostel mess to get more protein,,"hostel student, canteen food, no kitchen","meat, fish, eggs, milk or any dairy (vegan)",,,sprouts|chana|peanuts|dal,en-IN,"At the canteen, dal with rice in a 3:1 cereal-to-pulse ratio covers the amino acids, and sprouts, chana or a handful of peanuts add protein cheaply.","Dal with rice, plus sprouts or chana from the canteen, covers your protein without a kitchen.","Have paneer, curd and boiled eggs at every meal, and a whey shake after the gym.",a vegan constraint the generic answer breaks three times
